{"D_A": 0.3890000283718109, "G_A": 0.4374310374259949, "D": 0.798331081867218, "cycle_A": 4.172022819519043, "idt_A": 0.0, "D_B": 0.339502215385437, "G_B": 0.4525015652179718, "cycle_B": 0.9290981888771057, "idt_B": 0.0, "_timestamp": 1647699055, "_runtime": 154, "_step": 2, "_wandb": {"runtime": 203}}