{"D_A": 0.36488428711891174, "G_A": 0.6608871817588806, "D": 1.9807164669036865, "cycle_A": 6.181169033050537, "idt_A": 0.0, "D_B": 0.3982170820236206, "G_B": 0.7125199437141418, "cycle_B": 0.6545321941375732, "idt_B": 0.0, "_timestamp": 1647688277, "_runtime": 56, "_step": 2, "_wandb": {"runtime": 74}}