{"D_A": 0.4738871455192566, "G_A": 0.8677830696105957, "D": 1.3775832653045654, "cycle_A": 7.523515224456787, "idt_A": 0.0, "D_B": 0.49338361620903015, "G_B": 0.4608648717403412, "cycle_B": 0.6004165410995483, "idt_B": 0.0, "_timestamp": 1647696524, "_runtime": 152, "_step": 2, "_wandb": {"runtime": 201}}