{"D_A": 0.4091295599937439, "G_A": 0.40415963530540466, "D": 0.6702977418899536, "cycle_A": 6.238248825073242, "idt_A": 0.0, "D_B": 0.25208961963653564, "G_B": 0.5574448704719543, "cycle_B": 0.5561124086380005, "idt_B": 0.0, "_timestamp": 1647700270, "_runtime": 154, "_step": 2, "_wandb": {"runtime": 203}}