{"D_A": 0.23216411471366882, "G_A": 0.30942878127098083, "D": 0.6199766397476196, "cycle_A": 4.122661113739014, "idt_A": 0.0, "D_B": 0.46849340200424194, "G_B": 0.5503265261650085, "cycle_B": 0.614377498626709, "idt_B": 0.0, "_timestamp": 1647692213, "_runtime": 152, "_step": 2, "_wandb": {"runtime": 201}}