{"D_A": 0.42776578664779663, "G_A": 0.16873222589492798, "D": 0.7565125226974487, "cycle_A": 3.553928852081299, "idt_A": 0.8766776919364929, "D_B": 0.6742111444473267, "G_B": 0.7448685169219971, "cycle_B": 1.8460739850997925, "idt_B": 1.7482198476791382, "_timestamp": 1647684830, "_runtime": 81, "_step": 2, "_wandb": {"runtime": 107}}