{"D_A": 0.4336479604244232, "G_A": 0.7974921464920044, "D": 0.5923460125923157, "cycle_A": 9.19792652130127, "idt_A": 0.0, "D_B": 0.5885016918182373, "G_B": 0.7698735594749451, "cycle_B": 0.6503300666809082, "idt_B": 0.0, "_timestamp": 1647693383, "_runtime": 157, "_step": 2, "_wandb": {"runtime": 208}}