{"D_A": 0.49441948533058167, "G_A": 0.955712616443634, "D": 0.5046204924583435, "cycle_A": 5.465360641479492, "idt_A": 0.0, "D_B": 0.4634552001953125, "G_B": 0.5162267684936523, "cycle_B": 0.6498395204544067, "idt_B": 0.0, "_timestamp": 1647695618, "_runtime": 152, "_step": 2, "_wandb": {"runtime": 202}}